<?xml version="1.0" encoding="UTF-8" ?>
<XMLDB PATH="mod/h5pactivity/db" VERSION="20200422" COMMENT="XMLDB file for Moodle mod_h5pactivity"
    xmlns:xsi="http://www.w3.org/2001/XMLSchema-instance"
    xsi:noNamespaceSchemaLocation="../../../lib/xmldb/xmldb.xsd"
>
  <TABLES>
    <TABLE NAME="h5pactivity" COMMENT="Stores the h5pactivity activity module instances.">
      <FIELDS>
        <FIELD NAME="id" TYPE="int" LENGTH="10" NOTNULL="true" SEQUENCE="true"/>
        <FIELD NAME="course" TYPE="int" LENGTH="10" NOTNULL="true" SEQUENCE="false" COMMENT="ID of the course this activity is part of."/>
        <FIELD NAME="name" TYPE="char" LENGTH="255" NOTNULL="true" SEQUENCE="false" COMMENT="The name of the activity module instance"/>
        <FIELD NAME="timecreated" TYPE="int" LENGTH="10" NOTNULL="true" SEQUENCE="false" COMMENT="Timestamp of when the instance was added to the course."/>
        <FIELD NAME="timemodified" TYPE="int" LENGTH="10" NOTNULL="true" SEQUENCE="false" COMMENT="Timestamp of when the instance was last modified."/>
        <FIELD NAME="intro" TYPE="text" NOTNULL="false" SEQUENCE="false" COMMENT="Activity description."/>
        <FIELD NAME="introformat" TYPE="int" LENGTH="4" NOTNULL="true" DEFAULT="0" SEQUENCE="false" COMMENT="The format of the intro field."/>
        <FIELD NAME="grade" TYPE="int" LENGTH="10" NOTNULL="false" DEFAULT="0" SEQUENCE="false"/>
        <FIELD NAME="displayoptions" TYPE="int" LENGTH="4" NOTNULL="true" DEFAULT="0" SEQUENCE="false" COMMENT="H5P Button display options"/>
        <FIELD NAME="enabletracking" TYPE="int" LENGTH="1" NOTNULL="true" DEFAULT="1" SEQUENCE="false" COMMENT="Enable xAPI tracking"/>
        <FIELD NAME="grademethod" TYPE="int" LENGTH="4" NOTNULL="true" DEFAULT="1" SEQUENCE="false" COMMENT="Which H5P attempt is used for grading"/>
        <FIELD NAME="reviewmode" TYPE="int" LENGTH="4" NOTNULL="false" DEFAULT="1" SEQUENCE="false"/>
      </FIELDS>
      <KEYS>
        <KEY NAME="primary" TYPE="primary" FIELDS="id"/>
        <KEY NAME="fk_course" TYPE="foreign" FIELDS="course" REFTABLE="course" REFFIELDS="id"/>
      </KEYS>
    </TABLE>
    <TABLE NAME="h5pactivity_attempts" COMMENT="Users attempts inside H5P activities">
      <FIELDS>
        <FIELD NAME="id" TYPE="int" LENGTH="10" NOTNULL="true" SEQUENCE="true"/>
        <FIELD NAME="h5pactivityid" TYPE="int" LENGTH="10" NOTNULL="true" SEQUENCE="false" COMMENT="H5P activity ID"/>
        <FIELD NAME="userid" TYPE="int" LENGTH="20" NOTNULL="true" SEQUENCE="false" COMMENT="Attempt user ID"/>
        <FIELD NAME="timecreated" TYPE="int" LENGTH="10" NOTNULL="true" SEQUENCE="false"/>
        <FIELD NAME="timemodified" TYPE="int" LENGTH="10" NOTNULL="true" SEQUENCE="false"/>
        <FIELD NAME="attempt" TYPE="int" LENGTH="6" NOTNULL="true" DEFAULT="1" SEQUENCE="false" COMMENT="Attempt number"/>
        <FIELD NAME="rawscore" TYPE="int" LENGTH="10" NOTNULL="false" DEFAULT="0" SEQUENCE="false"/>
        <FIELD NAME="maxscore" TYPE="int" LENGTH="10" NOTNULL="false" DEFAULT="0" SEQUENCE="false"/>
        <FIELD NAME="scaled" TYPE="number" LENGTH="10" NOTNULL="true" DEFAULT="0" SEQUENCE="false" DECIMALS="5" COMMENT="Number 0..1 that reflects the performance of the learner"/>
        <FIELD NAME="duration" TYPE="int" LENGTH="10" NOTNULL="false" DEFAULT="0" SEQUENCE="false" COMMENT="Number of second inverted in that attempt (provided by the statement)"/>
        <FIELD NAME="completion" TYPE="int" LENGTH="1" NOTNULL="false" SEQUENCE="false" COMMENT="Store the xAPI tracking completion result."/>
        <FIELD NAME="success" TYPE="int" LENGTH="1" NOTNULL="false" SEQUENCE="false" COMMENT="Store the xAPI tracking success result."/>
      </FIELDS>
      <KEYS>
        <KEY NAME="primary" TYPE="primary" FIELDS="id"/>
        <KEY NAME="fk_h5pactivityid" TYPE="foreign" FIELDS="h5pactivityid" REFTABLE="h5pactivity" REFFIELDS="id"/>
        <KEY NAME="uq_activityuserattempt" TYPE="unique" FIELDS="h5pactivityid, userid, attempt" COMMENT="Ensure a user cannot repeat the same attempt on the same activity"/>
      </KEYS>
      <INDEXES>
        <INDEX NAME="timecreated" UNIQUE="false" FIELDS="timecreated"/>
        <INDEX NAME="h5pactivityid-timecreated" UNIQUE="false" FIELDS="h5pactivityid, timecreated"/>
        <INDEX NAME="h5pactivityid-userid" UNIQUE="false" FIELDS="h5pactivityid, userid"/>
      </INDEXES>
    </TABLE>
    <TABLE NAME="h5pactivity_attempts_results" COMMENT="H5Pactivities_attempts tracking info">
      <FIELDS>
        <FIELD NAME="id" TYPE="int" LENGTH="10" NOTNULL="true" SEQUENCE="true"/>
        <FIELD NAME="attemptid" TYPE="int" LENGTH="10" NOTNULL="true" SEQUENCE="false" COMMENT="h5pactivity_attempts ID"/>
        <FIELD NAME="subcontent" TYPE="char" LENGTH="128" NOTNULL="false" SEQUENCE="false"/>
        <FIELD NAME="timecreated" TYPE="int" LENGTH="10" NOTNULL="true" SEQUENCE="false"/>
        <FIELD NAME="interactiontype" TYPE="char" LENGTH="128" NOTNULL="false" SEQUENCE="false"/>
        <FIELD NAME="description" TYPE="text" NOTNULL="false" SEQUENCE="false"/>
        <FIELD NAME="correctpattern" TYPE="text" NOTNULL="false" SEQUENCE="false" COMMENT="Correct Pattern in xAPI format"/>
        <FIELD NAME="response" TYPE="text" NOTNULL="true" SEQUENCE="false" COMMENT="User response data in xAPI format"/>
        <FIELD NAME="additionals" TYPE="text" NOTNULL="false" SEQUENCE="false" COMMENT="Extra subcontent information in JSON format"/>
        <FIELD NAME="rawscore" TYPE="int" LENGTH="10" NOTNULL="true" DEFAULT="0" SEQUENCE="false"/>
        <FIELD NAME="maxscore" TYPE="int" LENGTH="10" NOTNULL="true" DEFAULT="0" SEQUENCE="false"/>
        <FIELD NAME="duration" TYPE="int" LENGTH="10" NOTNULL="false" DEFAULT="0" SEQUENCE="false" COMMENT="Seconds inverted in this result (exctracted directly from statement)"/>
        <FIELD NAME="completion" TYPE="int" LENGTH="1" NOTNULL="false" SEQUENCE="false" COMMENT="Store the xAPI tracking completion result."/>
        <FIELD NAME="success" TYPE="int" LENGTH="1" NOTNULL="false" SEQUENCE="false" COMMENT="Store the xAPI tracking success result."/>
      </FIELDS>
      <KEYS>
        <KEY NAME="primary" TYPE="primary" FIELDS="id"/>
        <KEY NAME="fk_attemptid" TYPE="foreign" FIELDS="attemptid" REFTABLE="h5pactivity_attempts" REFFIELDS="id"/>
      </KEYS>
      <INDEXES>
        <INDEX NAME="attemptid-timecreated" UNIQUE="false" FIELDS="attemptid, timecreated"/>
      </INDEXES>
    </TABLE>
  </TABLES>
</XMLDB>
